{"info":{"year":"2023","version":"6","description":"Exported from roboflow.ai","contributor":"","url":"https://public.roboflow.ai/object-detection/undefined","date_created":"2023-05-24T19:02:47+00:00"},"licenses":[{"id":1,"url":"https://creativecommons.org/publicdomain/zero/1.0/","name":"Public Domain"}],"categories":[{"id":0,"name":"Faces","supercategory":"none"},{"id":1,"name":"Faces","supercategory":"Faces"}],"images":[{"id":0,"license":1,"file_name":"real_00082_jpg.rf.1ff4061e036919bf3bdd10025391d212.jpg","height":600,"width":600,"date_captured":"2023-05-24T19:02:47+00:00"},{"id":1,"license":1,"file_name":"real_00818_jpg.rf.45bb41adba41ba188d259f717ac3dc11.jpg","height":600,"width":600,"date_captured":"2023-05-24T19:02:47+00:00"},{"id":2,"license":1,"file_name":"real_00913_jpg.rf.062c655f4b46bf6c3accdb9e86911b6d.jpg","height":600,"width":600,"date_captured":"2023-05-24T19:02:47+00:00"},{"id":3,"license":1,"file_name":"real_00063_jpg.rf.39eeacfdc8eec82176485f0998d69f03.jpg","height":600,"width":600,"date_captured":"2023-05-24T19:02:47+00:00"},{"id":4,"license":1,"file_name":"real_00040_jpg.rf.0bdef3990959c7c3025381c4984ba3b8.jpg","height":600,"width":600,"date_captured":"2023-05-24T19:02:47+00:00"},{"id":5,"license":1,"file_name":"real_00809-Copia_jpg.rf.2ab3c6ecbfd5fbe8187484b2aa2aa23e.jpg","height":600,"width":600,"date_captured":"2023-05-24T19:02:47+00:00"},{"id":6,"license":1,"file_name":"12_Group_Group_12_Group_Group_12_29_jpg.rf.1d5f389d7322db9c0b0ed4f33ba849b7.jpg","height":681,"width":1024,"date_captured":"2023-05-24T19:02:47+00:00"},{"id":7,"license":1,"file_name":"12_Group_Team_Organized_Group_12_Group_Team_Organized_Group_12_330_jpg.rf.42d5a44a6b5330ece2fc3dbeb03c5fbc.jpg","height":511,"width":1024,"date_captured":"2023-05-24T19:02:47+00:00"},{"id":8,"license":1,"file_name":"real_00438_jpg.rf.0809ced2dfa2da4ed7b026a4227e27eb.jpg","height":600,"width":600,"date_captured":"2023-05-24T19:02:47+00:00"},{"id":9,"license":1,"file_name":"12_Group_Large_Group_12_Group_Large_Group_12_650_jpg.rf.1ba51dabb471a938d73e3e26cae32afd.jpg","height":781,"width":1024,"date_captured":"2023-05-24T19:02:47+00:00"},{"id":10,"license":1,"file_name":"real_00316_jpg.rf.0b3949d77cb094d276af09d7b99a67c3.jpg","height":600,"width":600,"date_captured":"2023-05-24T19:02:47+00:00"},{"id":11,"license":1,"file_name":"real_00092_jpg.rf.4e8e7f05aac726409618719b63080a84.jpg","height":600,"width":600,"date_captured":"2023-05-24T19:02:47+00:00"},{"id":12,"license":1,"file_name":"real_00326_jpg.rf.43b7e507c4af64d405f9a87fc174e83a.jpg","height":600,"width":600,"date_captured":"2023-05-24T19:02:47+00:00"},{"id":13,"license":1,"file_name":"12_Group_Group_12_Group_Group_12_182_jpg.rf.1e4bb8c1bdc06a938998d261ce038d33.jpg","height":768,"width":1024,"date_captured":"2023-05-24T19:02:47+00:00"},{"id":14,"license":1,"file_name":"real_00039_jpg.rf.2f636cb546bf6220a83a3ceb2af2b1d4.jpg","height":600,"width":600,"date_captured":"2023-05-24T19:02:47+00:00"},{"id":15,"license":1,"file_name":"real_00671_jpg.rf.449ec7b0b5a9be1ff104a8cc5182b629.jpg","height":600,"width":600,"date_captured":"2023-05-24T19:02:47+00:00"},{"id":16,"license":1,"file_name":"real_00798_jpg.rf.0dbaadc7b92b254668e201584587acf4.jpg","height":600,"width":600,"date_captured":"2023-05-24T19:02:47+00:00"},{"id":17,"license":1,"file_name":"real_00089_jpg.rf.2ff80624c4858b6917503dc4754ab7cb.jpg","height":600,"width":600,"date_captured":"2023-05-24T19:02:47+00:00"},{"id":18,"license":1,"file_name":"real_00464_jpg.rf.49e49e6842c4b9b158494f1cc893e551.jpg","height":600,"width":600,"date_captured":"2023-05-24T19:02:47+00:00"},{"id":19,"license":1,"file_name":"real_00088_jpg.rf.473bc3230e3dcc61ec31bf1c38875e64.jpg","height":600,"width":600,"date_captured":"2023-05-24T19:02:47+00:00"},{"id":20,"license":1,"file_name":"12_Group_Group_12_Group_Group_12_101_jpg.rf.2fa318fd921500c253e9677f894ee98f.jpg","height":763,"width":1024,"date_captured":"2023-05-24T19:02:47+00:00"},{"id":21,"license":1,"file_name":"real_00083_jpg.rf.44cb3909b185346c17bce396486899b5.jpg","height":600,"width":600,"date_captured":"2023-05-24T19:02:47+00:00"},{"id":22,"license":1,"file_name":"real_01054_jpg.rf.2961c0bba5b9d23ac0fd536a2d11cd74.jpg","height":600,"width":600,"date_captured":"2023-05-24T19:02:47+00:00"},{"id":23,"license":1,"file_name":"real_00764_jpg.rf.29d2f18039d337982cd4d8c54f0883fa.jpg","height":600,"width":600,"date_captured":"2023-05-24T19:02:47+00:00"},{"id":24,"license":1,"file_name":"real_00367_jpg.rf.621f23d6977810d830dd769b255e59bd.jpg","height":600,"width":600,"date_captured":"2023-05-24T19:02:47+00:00"},{"id":25,"license":1,"file_name":"real_00074_jpg.rf.2d7dfe967e21a8a1b59b826460178cf4.jpg","height":600,"width":600,"date_captured":"2023-05-24T19:02:47+00:00"},{"id":26,"license":1,"file_name":"real_00006_jpg.rf.74711de671daa0c94bd6d493a934b66c.jpg","height":600,"width":600,"date_captured":"2023-05-24T19:02:47+00:00"},{"id":27,"license":1,"file_name":"real_00273_jpg.rf.660ca562a86787d5fe8aacf227605398.jpg","height":600,"width":600,"date_captured":"2023-05-24T19:02:47+00:00"},{"id":28,"license":1,"file_name":"real_00304_jpg.rf.58b6cacf5b33b7981d57c0091d482591.jpg","height":600,"width":600,"date_captured":"2023-05-24T19:02:47+00:00"},{"id":29,"license":1,"file_name":"real_00288_jpg.rf.56ae1b8d10ec0306bae5ceaabfdd0fcc.jpg","height":600,"width":600,"date_captured":"2023-05-24T19:02:47+00:00"},{"id":30,"license":1,"file_name":"real_00889_jpg.rf.4f5a8ba5788fb72ba8e2f795fe420d41.jpg","height":600,"width":600,"date_captured":"2023-05-24T19:02:47+00:00"},{"id":31,"license":1,"file_name":"real_00854_jpg.rf.9a0c32d9adee52a3f793bc4fb9220a4d.jpg","height":600,"width":600,"date_captured":"2023-05-24T19:02:47+00:00"},{"id":32,"license":1,"file_name":"real_00037_jpg.rf.a5d362827087f6c6f32979e356017846.jpg","height":600,"width":600,"date_captured":"2023-05-24T19:02:47+00:00"},{"id":33,"license":1,"file_name":"real_00252_jpg.rf.a3e52d1442366555b4d6604dc4875707.jpg","height":600,"width":600,"date_captured":"2023-05-24T19:02:47+00:00"},{"id":34,"license":1,"file_name":"12_Group_Large_Group_12_Group_Large_Group_12_557_jpg.rf.77e5cb3c3e9b2bd89ef587811ac593ee.jpg","height":687,"width":1024,"date_captured":"2023-05-24T19:02:47+00:00"},{"id":35,"license":1,"file_name":"real_00009_jpg.rf.9a962abb606d555e5f1c5abb186daf43.jpg","height":600,"width":600,"date_captured":"2023-05-24T19:02:47+00:00"},{"id":36,"license":1,"file_name":"real_00714_jpg.rf.a3b201c10ec92bb33e652f44cb0cd1a1.jpg","height":600,"width":600,"date_captured":"2023-05-24T19:02:47+00:00"},{"id":37,"license":1,"file_name":"12_Group_Group_12_Group_Group_12_253_jpg.rf.65d0992000d64ef801b044e49f06feaf.jpg","height":576,"width":1024,"date_captured":"2023-05-24T19:02:47+00:00"},{"id":38,"license":1,"file_name":"real_00998_jpg.rf.5d78057d23cc1cba6f4a041135617b0a.jpg","height":600,"width":600,"date_captured":"2023-05-24T19:02:47+00:00"},{"id":39,"license":1,"file_name":"real_00216_jpg.rf.61bda44ec2e7ec6478da2fd6e74a74e8.jpg","height":600,"width":600,"date_captured":"2023-05-24T19:02:47+00:00"},{"id":40,"license":1,"file_name":"12_Group_Group_12_Group_Group_12_84_jpg.rf.66e89d2476475034af137765bab58ad6.jpg","height":596,"width":1024,"date_captured":"2023-05-24T19:02:47+00:00"},{"id":41,"license":1,"file_name":"real_00030_jpg.rf.9bd20e1dcc4e7c7bed88040ce82eed59.jpg","height":600,"width":600,"date_captured":"2023-05-24T19:02:47+00:00"},{"id":42,"license":1,"file_name":"real_00244_jpg.rf.87c35eac1225eb1a49f9feeaa5a49f08.jpg","height":600,"width":600,"date_captured":"2023-05-24T19:02:47+00:00"},{"id":43,"license":1,"file_name":"real_00067_jpg.rf.af7179bf144811d6b3fed1672fa4f426.jpg","height":600,"width":600,"date_captured":"2023-05-24T19:02:47+00:00"},{"id":44,"license":1,"file_name":"12_Group_Group_12_Group_Group_12_10_jpg.rf.9dad132fe85f5c632ae90b35078d4382.jpg","height":681,"width":1024,"date_captured":"2023-05-24T19:02:47+00:00"},{"id":45,"license":1,"file_name":"12_Group_Group_12_Group_Group_12_728_jpg.rf.6df72c0846f4b2fb4bbf81a710afd63a.jpg","height":740,"width":1024,"date_captured":"2023-05-24T19:02:47+00:00"},{"id":46,"license":1,"file_name":"real_00396_jpg.rf.b2f0d33d8af7683309ab9a4496978a50.jpg","height":600,"width":600,"date_captured":"2023-05-24T19:02:47+00:00"},{"id":47,"license":1,"file_name":"real_00260_jpg.rf.5c52d653159ea26f68572e094ac19498.jpg","height":600,"width":600,"date_captured":"2023-05-24T19:02:47+00:00"},{"id":48,"license":1,"file_name":"12_Group_Team_Organized_Group_12_Group_Team_Organized_Group_12_707_jpg.rf.afc929568fa2d68c908205851ed5cc11.jpg","height":684,"width":1024,"date_captured":"2023-05-24T19:02:47+00:00"},{"id":49,"license":1,"file_name":"12_Group_Large_Group_12_Group_Large_Group_12_72_jpg.rf.a88503fdc6e2e106e6ae5d244300dc5f.jpg","height":819,"width":1024,"date_captured":"2023-05-24T19:02:47+00:00"},{"id":50,"license":1,"file_name":"real_00947_jpg.rf.9a15c2fde223dea195903abded47dbc8.jpg","height":600,"width":600,"date_captured":"2023-05-24T19:02:47+00:00"},{"id":51,"license":1,"file_name":"real_00085_jpg.rf.be2e28bd0fa186edffaa7cfeec277e5e.jpg","height":600,"width":600,"date_captured":"2023-05-24T19:02:47+00:00"},{"id":52,"license":1,"file_name":"real_00114_jpg.rf.b81a70a463dfc61c6782698fb47efe93.jpg","height":600,"width":600,"date_captured":"2023-05-24T19:02:47+00:00"},{"id":53,"license":1,"file_name":"real_00012_jpg.rf.a693ffc3b98cab1beaf56ec0bb27c07d.jpg","height":600,"width":600,"date_captured":"2023-05-24T19:02:47+00:00"},{"id":54,"license":1,"file_name":"real_00314_jpg.rf.ab2ec828e804105ed8103313eafea6a1.jpg","height":600,"width":600,"date_captured":"2023-05-24T19:02:47+00:00"},{"id":55,"license":1,"file_name":"real_00969_jpg.rf.a9fec65f49a750a387c52b425982b176.jpg","height":600,"width":600,"date_captured":"2023-05-24T19:02:47+00:00"},{"id":56,"license":1,"file_name":"real_00256_jpg.rf.c20975af41fe49af24e07e56b3733feb.jpg","height":600,"width":600,"date_captured":"2023-05-24T19:02:47+00:00"},{"id":57,"license":1,"file_name":"real_00384_jpg.rf.bc5b2746f7ad4a67e29ae894460de317.jpg","height":600,"width":600,"date_captured":"2023-05-24T19:02:47+00:00"},{"id":58,"license":1,"file_name":"real_00046_jpg.rf.c29876fb1c2221dbc359f41139e2d0ad.jpg","height":600,"width":600,"date_captured":"2023-05-24T19:02:47+00:00"},{"id":59,"license":1,"file_name":"real_00090_jpg.rf.f45e42306612e304b44eed716e609a5b.jpg","height":600,"width":600,"date_captured":"2023-05-24T19:02:47+00:00"},{"id":60,"license":1,"file_name":"real_00755_jpg.rf.ec527ef53cefeeacafd7c6d783137df9.jpg","height":600,"width":600,"date_captured":"2023-05-24T19:02:47+00:00"},{"id":61,"license":1,"file_name":"real_00064_jpg.rf.e6535e4fb3197afbdb782d89c3976e53.jpg","height":600,"width":600,"date_captured":"2023-05-24T19:02:47+00:00"},{"id":62,"license":1,"file_name":"real_00364_jpg.rf.dd1c2d8799f3f5bff539663868db6302.jpg","height":600,"width":600,"date_captured":"2023-05-24T19:02:47+00:00"},{"id":63,"license":1,"file_name":"real_00737_jpg.rf.f49272691dbe889a2e8a5a43469827ce.jpg","height":600,"width":600,"date_captured":"2023-05-24T19:02:47+00:00"},{"id":64,"license":1,"file_name":"12_Group_Group_12_Group_Group_12_62_jpg.rf.dce48fda3b49faab2aa4eb4e89605494.jpg","height":683,"width":1024,"date_captured":"2023-05-24T19:02:47+00:00"},{"id":65,"license":1,"file_name":"real_00290_jpg.rf.cdb79c46de2ce657573cdd725a885082.jpg","height":600,"width":600,"date_captured":"2023-05-24T19:02:47+00:00"},{"id":66,"license":1,"file_name":"real_00093_jpg.rf.ff52a847e474a965333deb19441fa2b9.jpg","height":600,"width":600,"date_captured":"2023-05-24T19:02:47+00:00"},{"id":67,"license":1,"file_name":"12_Group_Team_Organized_Group_12_Group_Team_Organized_Group_12_789_jpg.rf.cc1e566f198970fdc215d48cb7b03867.jpg","height":1280,"width":1024,"date_captured":"2023-05-24T19:02:47+00:00"},{"id":68,"license":1,"file_name":"real_00337_jpg.rf.e430f2cac9f75cb01560db6f2d78e780.jpg","height":600,"width":600,"date_captured":"2023-05-24T19:02:47+00:00"},{"id":69,"license":1,"file_name":"real_00057_jpg.rf.d4dc3c95123b3b7339cdd08eae11d921.jpg","height":600,"width":600,"date_captured":"2023-05-24T19:02:47+00:00"},{"id":70,"license":1,"file_name":"12_Group_Team_Organized_Group_12_Group_Team_Organized_Group_12_115_jpg.rf.ff5361400ca75a01384a7d47eaf0c9d4.jpg","height":935,"width":1024,"date_captured":"2023-05-24T19:02:47+00:00"}],"annotations":[{"id":0,"image_id":0,"category_id":1,"bbox":[114,158,386.15,417.27],"area":161128.81,"segmentation":[],"iscrowd":0},{"id":1,"image_id":1,"category_id":1,"bbox":[45,33,519.77,444.55],"area":231063.753,"segmentation":[],"iscrowd":0},{"id":2,"image_id":2,"category_id":1,"bbox":[99,181,408.88,387.27],"area":158346.958,"segmentation":[],"iscrowd":0},{"id":3,"image_id":3,"category_id":1,"bbox":[71,109,386.16,421.82],"area":162890.011,"segmentation":[],"iscrowd":0},{"id":4,"image_id":4,"category_id":1,"bbox":[159,186,277.98,394.55],"area":109677.009,"segmentation":[],"iscrowd":0},{"id":5,"image_id":5,"category_id":1,"bbox":[128,136,329.21,423.64],"area":139466.524,"segmentation":[],"iscrowd":0},{"id":6,"image_id":6,"category_id":1,"bbox":[93,207,82.9,130],"area":10777,"segmentation":[],"iscrowd":0},{"id":7,"image_id":6,"category_id":1,"bbox":[275,211,55.86,90],"area":5027.4,"segmentation":[],"iscrowd":0},{"id":8,"image_id":6,"category_id":1,"bbox":[511,203,65.8,78],"area":5132.4,"segmentation":[],"iscrowd":0},{"id":9,"image_id":6,"category_id":1,"bbox":[803,216,72.73,91],"area":6618.43,"segmentation":[],"iscrowd":0},{"id":10,"image_id":7,"category_id":1,"bbox":[94,65,71.6,94.17],"area":6742.572,"segmentation":[],"iscrowd":0},{"id":11,"image_id":7,"category_id":1,"bbox":[293,105,55.72,76.67],"area":4272.052,"segmentation":[],"iscrowd":0},{"id":12,"image_id":7,"category_id":1,"bbox":[388,113,54.03,67.5],"area":3647.025,"segmentation":[],"iscrowd":0},{"id":13,"image_id":7,"category_id":1,"bbox":[469,89,46.52,58.33],"area":2713.512,"segmentation":[],"iscrowd":0},{"id":14,"image_id":7,"category_id":1,"bbox":[576,84,67.32,57.5],"area":3870.9,"segmentation":[],"iscrowd":0},{"id":15,"image_id":7,"category_id":1,"bbox":[698,140,53.96,58.33],"area":3147.487,"segmentation":[],"iscrowd":0},{"id":16,"image_id":7,"category_id":1,"bbox":[809,53,43.1,60],"area":2586,"segmentation":[],"iscrowd":0},{"id":17,"image_id":7,"category_id":1,"bbox":[854,88,51.9,73.33],"area":3805.827,"segmentation":[],"iscrowd":0},{"id":18,"image_id":8,"category_id":1,"bbox":[153,211,314.67,371.82],"area":117000.599,"segmentation":[],"iscrowd":0},{"id":19,"image_id":9,"category_id":1,"bbox":[284,246,82.06,104.44],"area":8570.346,"segmentation":[],"iscrowd":0},{"id":20,"image_id":9,"category_id":1,"bbox":[496,216,83.12,113.33],"area":9419.99,"segmentation":[],"iscrowd":0},{"id":21,"image_id":9,"category_id":1,"bbox":[815,196,84.15,91.11],"area":7666.907,"segmentation":[],"iscrowd":0},{"id":22,"image_id":10,"category_id":1,"bbox":[114,129,226.48,400.91],"area":90798.097,"segmentation":[],"iscrowd":0},{"id":23,"image_id":11,"category_id":1,"bbox":[99,208,366.16,370.91],"area":135812.406,"segmentation":[],"iscrowd":0},{"id":24,"image_id":12,"category_id":1,"bbox":[122,175,278.3,388.18],"area":108030.494,"segmentation":[],"iscrowd":0},{"id":25,"image_id":13,"category_id":1,"bbox":[17,251,44.52,53.33],"area":2374.252,"segmentation":[],"iscrowd":0},{"id":26,"image_id":13,"category_id":1,"bbox":[171,234,46.78,60],"area":2806.8,"segmentation":[],"iscrowd":0},{"id":27,"image_id":13,"category_id":1,"bbox":[254,207,39.03,62.22],"area":2428.447,"segmentation":[],"iscrowd":0},{"id":28,"image_id":13,"category_id":1,"bbox":[369,194,49.05,70],"area":3433.5,"segmentation":[],"iscrowd":0},{"id":29,"image_id":13,"category_id":1,"bbox":[502,231,45.75,62.22],"area":2846.565,"segmentation":[],"iscrowd":0},{"id":30,"image_id":13,"category_id":1,"bbox":[566,207,50.21,70],"area":3514.7,"segmentation":[],"iscrowd":0},{"id":31,"image_id":13,"category_id":1,"bbox":[703,231,40.25,60],"area":2415,"segmentation":[],"iscrowd":0},{"id":32,"image_id":13,"category_id":1,"bbox":[796,188,61.38,75.56],"area":4637.873,"segmentation":[],"iscrowd":0},{"id":33,"image_id":13,"category_id":1,"bbox":[876,182,48.07,62.22],"area":2990.915,"segmentation":[],"iscrowd":0},{"id":34,"image_id":14,"category_id":1,"bbox":[216,183,268.88,393.64],"area":105841.923,"segmentation":[],"iscrowd":0},{"id":35,"image_id":15,"category_id":1,"bbox":[118,214,351.61,360.91],"area":126899.565,"segmentation":[],"iscrowd":0},{"id":36,"image_id":16,"category_id":1,"bbox":[107,158,386.15,388.18],"area":149895.707,"segmentation":[],"iscrowd":0},{"id":37,"image_id":17,"category_id":1,"bbox":[106,188,361.61,400],"area":144644,"segmentation":[],"iscrowd":0},{"id":38,"image_id":18,"category_id":1,"bbox":[217,187,246.51,389.09],"area":95914.576,"segmentation":[],"iscrowd":0},{"id":39,"image_id":19,"category_id":1,"bbox":[122,220,411.6,351.82],"area":144809.112,"segmentation":[],"iscrowd":0},{"id":40,"image_id":20,"category_id":1,"bbox":[325,144,51.27,52.22],"area":2677.319,"segmentation":[],"iscrowd":0},{"id":41,"image_id":20,"category_id":1,"bbox":[481,130,50.19,56.67],"area":2844.267,"segmentation":[],"iscrowd":0},{"id":42,"image_id":20,"category_id":1,"bbox":[658,138,58.01,54.44],"area":3158.064,"segmentation":[],"iscrowd":0},{"id":43,"image_id":20,"category_id":1,"bbox":[830,149,49.17,52.22],"area":2567.657,"segmentation":[],"iscrowd":0},{"id":44,"image_id":20,"category_id":1,"bbox":[728,240,55.81,40],"area":2232.4,"segmentation":[],"iscrowd":0},{"id":45,"image_id":20,"category_id":1,"bbox":[515,191,50.2,63.33],"area":3179.166,"segmentation":[],"iscrowd":0},{"id":46,"image_id":20,"category_id":1,"bbox":[347,217,54.6,60],"area":3276,"segmentation":[],"iscrowd":0},{"id":47,"image_id":20,"category_id":1,"bbox":[163,440,50.11,78.89],"area":3953.178,"segmentation":[],"iscrowd":0},{"id":48,"image_id":21,"category_id":1,"bbox":[139,285,308.89,303.64],"area":93791.36,"segmentation":[],"iscrowd":0},{"id":49,"image_id":22,"category_id":1,"bbox":[135,189,372.85,375.45],"area":139986.533,"segmentation":[],"iscrowd":0},{"id":50,"image_id":23,"category_id":1,"bbox":[97,139,393.43,448.18],"area":176327.457,"segmentation":[],"iscrowd":0},{"id":51,"image_id":24,"category_id":1,"bbox":[134,225,312.85,340.91],"area":106653.694,"segmentation":[],"iscrowd":0},{"id":52,"image_id":25,"category_id":1,"bbox":[194,221,326.15,355.45],"area":115930.017,"segmentation":[],"iscrowd":0},{"id":53,"image_id":26,"category_id":1,"bbox":[118,142,367.06,437.27],"area":160504.326,"segmentation":[],"iscrowd":0},{"id":54,"image_id":27,"category_id":1,"bbox":[177,185,260.71,374.55],"area":97648.931,"segmentation":[],"iscrowd":0},{"id":55,"image_id":28,"category_id":1,"bbox":[136,180,328.89,405.45],"area":133348.45,"segmentation":[],"iscrowd":0},{"id":56,"image_id":29,"category_id":1,"bbox":[109,180,276.18,384.55],"area":106205.019,"segmentation":[],"iscrowd":0},{"id":57,"image_id":30,"category_id":1,"bbox":[165,229,284.35,347.27],"area":98746.224,"segmentation":[],"iscrowd":0},{"id":58,"image_id":31,"category_id":1,"bbox":[131,164,310.71,411.82],"area":127956.592,"segmentation":[],"iscrowd":0},{"id":59,"image_id":32,"category_id":1,"bbox":[93,161,427.96,392.73],"area":168072.731,"segmentation":[],"iscrowd":0},{"id":60,"image_id":33,"category_id":1,"bbox":[167,198,287.98,381.82],"area":109956.524,"segmentation":[],"iscrowd":0},{"id":61,"image_id":34,"category_id":1,"bbox":[126,212,86.89,116],"area":10079.24,"segmentation":[],"iscrowd":0},{"id":62,"image_id":34,"category_id":1,"bbox":[295,239,99.85,104],"area":10384.4,"segmentation":[],"iscrowd":0},{"id":63,"image_id":34,"category_id":1,"bbox":[483,104,97.8,101],"area":9877.8,"segmentation":[],"iscrowd":0},{"id":64,"image_id":34,"category_id":1,"bbox":[644,192,117.76,129],"area":15191.04,"segmentation":[],"iscrowd":0},{"id":65,"image_id":34,"category_id":1,"bbox":[835,179,103.72,97],"area":10060.84,"segmentation":[],"iscrowd":0},{"id":66,"image_id":35,"category_id":1,"bbox":[176,75,340.67,489.09],"area":166618.29,"segmentation":[],"iscrowd":0},{"id":67,"image_id":36,"category_id":1,"bbox":[129,180,313.44,370.91],"area":116258.03,"segmentation":[],"iscrowd":0},{"id":68,"image_id":37,"category_id":1,"bbox":[140,42,101.73,127.5],"area":12970.575,"segmentation":[],"iscrowd":0},{"id":69,"image_id":37,"category_id":1,"bbox":[294,28,86.76,105.83],"area":9181.811,"segmentation":[],"iscrowd":0},{"id":70,"image_id":37,"category_id":1,"bbox":[462,189,100.97,105],"area":10601.85,"segmentation":[],"iscrowd":0},{"id":71,"image_id":37,"category_id":1,"bbox":[575,46,74.33,102.5],"area":7618.825,"segmentation":[],"iscrowd":0},{"id":72,"image_id":37,"category_id":1,"bbox":[762,57,115.21,116.67],"area":13441.551,"segmentation":[],"iscrowd":0},{"id":73,"image_id":38,"category_id":1,"bbox":[130,131,305.26,438.18],"area":133758.827,"segmentation":[],"iscrowd":0},{"id":74,"image_id":39,"category_id":1,"bbox":[149,213,296.16,377.27],"area":111732.283,"segmentation":[],"iscrowd":0},{"id":75,"image_id":40,"category_id":1,"bbox":[114,129,57.34,64.55],"area":3701.297,"segmentation":[],"iscrowd":0},{"id":76,"image_id":40,"category_id":1,"bbox":[287,79,37.38,66.36],"area":2480.537,"segmentation":[],"iscrowd":0},{"id":77,"image_id":40,"category_id":1,"bbox":[331,113,56.48,70],"area":3953.6,"segmentation":[],"iscrowd":0},{"id":78,"image_id":40,"category_id":1,"bbox":[434,117,59.24,62.73],"area":3716.125,"segmentation":[],"iscrowd":0},{"id":79,"image_id":40,"category_id":1,"bbox":[520,79,52.89,60],"area":3173.4,"segmentation":[],"iscrowd":0},{"id":80,"image_id":40,"category_id":1,"bbox":[605,125,52,78.18],"area":4065.36,"segmentation":[],"iscrowd":0},{"id":81,"image_id":40,"category_id":1,"bbox":[824,105,57.51,81.82],"area":4705.468,"segmentation":[],"iscrowd":0},{"id":82,"image_id":40,"category_id":1,"bbox":[795,315,82.96,93.64],"area":7768.374,"segmentation":[],"iscrowd":0},{"id":83,"image_id":40,"category_id":1,"bbox":[574,288,68.36,90.91],"area":6214.608,"segmentation":[],"iscrowd":0},{"id":84,"image_id":40,"category_id":1,"bbox":[366,308,58.31,70.91],"area":4134.762,"segmentation":[],"iscrowd":0},{"id":85,"image_id":40,"category_id":1,"bbox":[176,300,59.17,69.09],"area":4088.055,"segmentation":[],"iscrowd":0},{"id":86,"image_id":41,"category_id":1,"bbox":[144,253,281.62,319.09],"area":89862.126,"segmentation":[],"iscrowd":0},{"id":87,"image_id":42,"category_id":1,"bbox":[152,209,311.61,360],"area":112179.6,"segmentation":[],"iscrowd":0},{"id":88,"image_id":43,"category_id":1,"bbox":[123,161,367.06,411.82],"area":151162.649,"segmentation":[],"iscrowd":0},{"id":89,"image_id":44,"category_id":1,"bbox":[86,108,66.91,84],"area":5620.44,"segmentation":[],"iscrowd":0},{"id":90,"image_id":44,"category_id":1,"bbox":[245,109,51.87,83],"area":4305.21,"segmentation":[],"iscrowd":0},{"id":91,"image_id":44,"category_id":1,"bbox":[374,154,67.84,57],"area":3866.88,"segmentation":[],"iscrowd":0},{"id":92,"image_id":44,"category_id":1,"bbox":[545,102,43.8,76],"area":3328.8,"segmentation":[],"iscrowd":0},{"id":93,"image_id":44,"category_id":1,"bbox":[677,125,63.76,60],"area":3825.6,"segmentation":[],"iscrowd":0},{"id":94,"image_id":44,"category_id":1,"bbox":[776,99,47.74,67],"area":3198.58,"segmentation":[],"iscrowd":0},{"id":95,"image_id":44,"category_id":1,"bbox":[913,144,54.71,68],"area":3720.28,"segmentation":[],"iscrowd":0},{"id":96,"image_id":44,"category_id":1,"bbox":[870,204,35.27,42],"area":1481.34,"segmentation":[],"iscrowd":0},{"id":97,"image_id":44,"category_id":1,"bbox":[854,342,70.26,104],"area":7307.04,"segmentation":[],"iscrowd":0},{"id":98,"image_id":44,"category_id":1,"bbox":[666,324,62.22,90],"area":5599.8,"segmentation":[],"iscrowd":0},{"id":99,"image_id":44,"category_id":1,"bbox":[555,393,60.19,75],"area":4514.25,"segmentation":[],"iscrowd":0},{"id":100,"image_id":44,"category_id":1,"bbox":[290,344,59.13,79],"area":4671.27,"segmentation":[],"iscrowd":0},{"id":101,"image_id":44,"category_id":1,"bbox":[82,307,65.08,78],"area":5076.24,"segmentation":[],"iscrowd":0},{"id":102,"image_id":45,"category_id":1,"bbox":[43,187,100.09,113.33],"area":11343.2,"segmentation":[],"iscrowd":0},{"id":103,"image_id":45,"category_id":1,"bbox":[249,132,77.91,88.89],"area":6925.42,"segmentation":[],"iscrowd":0},{"id":104,"image_id":45,"category_id":1,"bbox":[351,152,89.05,86.67],"area":7717.963,"segmentation":[],"iscrowd":0},{"id":105,"image_id":45,"category_id":1,"bbox":[521,142,80.2,93.33],"area":7485.066,"segmentation":[],"iscrowd":0},{"id":106,"image_id":45,"category_id":1,"bbox":[644,126,88.01,92.22],"area":8116.282,"segmentation":[],"iscrowd":0},{"id":107,"image_id":45,"category_id":1,"bbox":[816,131,89.16,116.67],"area":10402.297,"segmentation":[],"iscrowd":0},{"id":108,"image_id":46,"category_id":1,"bbox":[139,185,296.17,403.64],"area":119546.059,"segmentation":[],"iscrowd":0},{"id":109,"image_id":47,"category_id":1,"bbox":[137,202,301.62,372.73],"area":112422.823,"segmentation":[],"iscrowd":0},{"id":110,"image_id":48,"category_id":1,"bbox":[213,153,29.89,47],"area":1404.83,"segmentation":[],"iscrowd":0},{"id":111,"image_id":48,"category_id":1,"bbox":[300,158,30.86,45],"area":1388.7,"segmentation":[],"iscrowd":0},{"id":112,"image_id":48,"category_id":1,"bbox":[392,161,33.84,47],"area":1590.48,"segmentation":[],"iscrowd":0},{"id":113,"image_id":48,"category_id":1,"bbox":[500,134,36.81,52],"area":1914.12,"segmentation":[],"iscrowd":0},{"id":114,"image_id":48,"category_id":1,"bbox":[605,141,31.79,38],"area":1208.02,"segmentation":[],"iscrowd":0},{"id":115,"image_id":48,"category_id":1,"bbox":[685,150,36.77,43],"area":1581.11,"segmentation":[],"iscrowd":0},{"id":116,"image_id":48,"category_id":1,"bbox":[793,132,28.74,38],"area":1092.12,"segmentation":[],"iscrowd":0},{"id":117,"image_id":48,"category_id":1,"bbox":[722,301,33.76,45],"area":1519.2,"segmentation":[],"iscrowd":0},{"id":118,"image_id":48,"category_id":1,"bbox":[603,272,36.79,55],"area":2023.45,"segmentation":[],"iscrowd":0},{"id":119,"image_id":48,"category_id":1,"bbox":[493,281,34.82,50],"area":1741,"segmentation":[],"iscrowd":0},{"id":120,"image_id":48,"category_id":1,"bbox":[389,272,28.84,41],"area":1182.44,"segmentation":[],"iscrowd":0},{"id":121,"image_id":48,"category_id":1,"bbox":[283,262,30.87,44],"area":1358.28,"segmentation":[],"iscrowd":0},{"id":122,"image_id":48,"category_id":1,"bbox":[180,276,34.89,40],"area":1395.6,"segmentation":[],"iscrowd":0},{"id":123,"image_id":49,"category_id":1,"bbox":[284,109,58.92,56.25],"area":3314.25,"segmentation":[],"iscrowd":0},{"id":124,"image_id":49,"category_id":1,"bbox":[403,186,57.7,55],"area":3173.5,"segmentation":[],"iscrowd":0},{"id":125,"image_id":49,"category_id":1,"bbox":[493,226,71.47,73.75],"area":5270.913,"segmentation":[],"iscrowd":0},{"id":126,"image_id":49,"category_id":1,"bbox":[618,236,51.5,60],"area":3090,"segmentation":[],"iscrowd":0},{"id":127,"image_id":49,"category_id":1,"bbox":[681,130,47.77,78.75],"area":3761.888,"segmentation":[],"iscrowd":0},{"id":128,"image_id":49,"category_id":1,"bbox":[710,379,61.52,66.25],"area":4075.7,"segmentation":[],"iscrowd":0},{"id":129,"image_id":49,"category_id":1,"bbox":[536,455,60.23,70],"area":4216.1,"segmentation":[],"iscrowd":0},{"id":130,"image_id":49,"category_id":1,"bbox":[453,344,46.46,56.25],"area":2613.375,"segmentation":[],"iscrowd":0},{"id":131,"image_id":49,"category_id":1,"bbox":[353,463,57.69,78.75],"area":4543.087,"segmentation":[],"iscrowd":0},{"id":132,"image_id":49,"category_id":1,"bbox":[213,265,61.4,73.75],"area":4528.25,"segmentation":[],"iscrowd":0},{"id":133,"image_id":50,"category_id":1,"bbox":[88,137,422.51,389.09],"area":164394.416,"segmentation":[],"iscrowd":0},{"id":134,"image_id":51,"category_id":1,"bbox":[82,101,410.7,470],"area":193029,"segmentation":[],"iscrowd":0},{"id":135,"image_id":52,"category_id":1,"bbox":[130,160,291.63,395.45],"area":115325.083,"segmentation":[],"iscrowd":0},{"id":136,"image_id":53,"category_id":1,"bbox":[144,216,333.43,336.36],"area":112152.515,"segmentation":[],"iscrowd":0},{"id":137,"image_id":54,"category_id":1,"bbox":[227,180,339.24,353.64],"area":119968.834,"segmentation":[],"iscrowd":0},{"id":138,"image_id":55,"category_id":1,"bbox":[91,137,443.42,420],"area":186236.4,"segmentation":[],"iscrowd":0},{"id":139,"image_id":56,"category_id":1,"bbox":[174,200,280.71,360],"area":101055.6,"segmentation":[],"iscrowd":0},{"id":140,"image_id":57,"category_id":1,"bbox":[72,169,310.11,412.73],"area":127991.7,"segmentation":[],"iscrowd":0},{"id":141,"image_id":58,"category_id":1,"bbox":[110,195,363.43,393.64],"area":143060.585,"segmentation":[],"iscrowd":0},{"id":142,"image_id":59,"category_id":1,"bbox":[109,151,412.51,415.45],"area":171377.28,"segmentation":[],"iscrowd":0},{"id":143,"image_id":60,"category_id":1,"bbox":[113,189,359.79,390],"area":140318.1,"segmentation":[],"iscrowd":0},{"id":144,"image_id":61,"category_id":1,"bbox":[112,203,286.18,359.09],"area":102764.376,"segmentation":[],"iscrowd":0},{"id":145,"image_id":62,"category_id":1,"bbox":[79,199,284.66,367.27],"area":104547.078,"segmentation":[],"iscrowd":0},{"id":146,"image_id":63,"category_id":1,"bbox":[149,213,290.71,374.55],"area":108885.431,"segmentation":[],"iscrowd":0},{"id":147,"image_id":64,"category_id":1,"bbox":[191,145,39.89,67],"area":2672.63,"segmentation":[],"iscrowd":0},{"id":148,"image_id":64,"category_id":1,"bbox":[261,135,38.87,54],"area":2098.98,"segmentation":[],"iscrowd":0},{"id":149,"image_id":64,"category_id":1,"bbox":[343,150,41.85,66],"area":2762.1,"segmentation":[],"iscrowd":0},{"id":150,"image_id":64,"category_id":1,"bbox":[400,120,34.84,59],"area":2055.56,"segmentation":[],"iscrowd":0},{"id":151,"image_id":64,"category_id":1,"bbox":[472,177,36.82,56],"area":2061.92,"segmentation":[],"iscrowd":0},{"id":152,"image_id":64,"category_id":1,"bbox":[555,140,38.8,57],"area":2211.6,"segmentation":[],"iscrowd":0},{"id":153,"image_id":64,"category_id":1,"bbox":[648,134,51.77,70],"area":3623.9,"segmentation":[],"iscrowd":0},{"id":154,"image_id":64,"category_id":1,"bbox":[745,105,37.75,47],"area":1774.25,"segmentation":[],"iscrowd":0},{"id":155,"image_id":64,"category_id":1,"bbox":[804,121,46.74,69],"area":3225.06,"segmentation":[],"iscrowd":0},{"id":156,"image_id":65,"category_id":1,"bbox":[139,200,347.06,369.09],"area":128096.375,"segmentation":[],"iscrowd":0},{"id":157,"image_id":66,"category_id":1,"bbox":[143,212,378.87,367.27],"area":139147.585,"segmentation":[],"iscrowd":0},{"id":158,"image_id":67,"category_id":1,"bbox":[295,154,59.68,82],"area":4893.76,"segmentation":[],"iscrowd":0},{"id":159,"image_id":67,"category_id":1,"bbox":[681,460,41.59,56],"area":2329.04,"segmentation":[],"iscrowd":0},{"id":160,"image_id":67,"category_id":1,"bbox":[527,604,47.63,68],"area":3238.84,"segmentation":[],"iscrowd":0},{"id":161,"image_id":68,"category_id":1,"bbox":[152,210,303.43,370.91],"area":112545.221,"segmentation":[],"iscrowd":0},{"id":162,"image_id":69,"category_id":1,"bbox":[122,120,292.54,427.27],"area":124993.566,"segmentation":[],"iscrowd":0},{"id":163,"image_id":70,"category_id":1,"bbox":[172,150,58.38,94.29],"area":5504.65,"segmentation":[],"iscrowd":0},{"id":164,"image_id":70,"category_id":1,"bbox":[328,250,46.92,74.29],"area":3485.687,"segmentation":[],"iscrowd":0},{"id":165,"image_id":70,"category_id":1,"bbox":[381,159,55.48,72.86],"area":4042.273,"segmentation":[],"iscrowd":0},{"id":166,"image_id":70,"category_id":1,"bbox":[581,173,54,78.57],"area":4242.78,"segmentation":[],"iscrowd":0},{"id":167,"image_id":70,"category_id":1,"bbox":[669,121,85.4,78.57],"area":6709.878,"segmentation":[],"iscrowd":0},{"id":168,"image_id":70,"category_id":1,"bbox":[781,89,93.94,98.57],"area":9259.666,"segmentation":[],"iscrowd":0}]}