{"info":{"year":"2023","version":"2","description":"Exported from roboflow.ai","contributor":"","url":"https://public.roboflow.ai/object-detection/undefined","date_created":"2023-05-24T18:02:02+00:00"},"licenses":[{"id":1,"url":"https://creativecommons.org/publicdomain/zero/1.0/","name":"Public Domain"}],"categories":[{"id":0,"name":"Faces","supercategory":"none"},{"id":1,"name":"Faces","supercategory":"Faces"}],"images":[{"id":0,"license":1,"file_name":"28_Sports_Fan_Sports_Fan_28_916_jpg.rf.049a3ff7e5817c6828ec1e43a31cfa07.jpg","height":640,"width":640,"date_captured":"2023-05-24T18:02:02+00:00"},{"id":1,"license":1,"file_name":"13_Interview_Interview_2_People_Visible_13_284_jpg.rf.0b04690c7e07d1d957cdc108989e2a33.jpg","height":640,"width":640,"date_captured":"2023-05-24T18:02:02+00:00"},{"id":2,"license":1,"file_name":"13_Interview_Interview_2_People_Visible_13_60_jpg.rf.030919dc191ef7627bb7c20dd492300a.jpg","height":640,"width":640,"date_captured":"2023-05-24T18:02:02+00:00"},{"id":3,"license":1,"file_name":"16_Award_Ceremony_Awards_Ceremony_16_209_jpg.rf.31d2bedd82fed8e8044bbbea34a21aa1.jpg","height":640,"width":640,"date_captured":"2023-05-24T18:02:02+00:00"},{"id":4,"license":1,"file_name":"18_Concerts_Concerts_18_708_jpg.rf.3b7d655d242ef8102292d38847190f47.jpg","height":640,"width":640,"date_captured":"2023-05-24T18:02:02+00:00"},{"id":5,"license":1,"file_name":"31_Waiter_Waitress_Waiter_Waitress_31_2_jpg.rf.09a5d53785922ef92b51a3be474047fa.jpg","height":640,"width":640,"date_captured":"2023-05-24T18:02:02+00:00"},{"id":6,"license":1,"file_name":"18_Concerts_Concerts_18_43_jpg.rf.164f3bc9ba9404c1e564737dce0c36bf.jpg","height":640,"width":640,"date_captured":"2023-05-24T18:02:02+00:00"},{"id":7,"license":1,"file_name":"13_Interview_Interview_Sequences_13_395_jpg.rf.2c48c7b969c64adc841ae160500d2a5d.jpg","height":640,"width":640,"date_captured":"2023-05-24T18:02:02+00:00"},{"id":8,"license":1,"file_name":"31_Waiter_Waitress_Waiter_Waitress_31_331_jpg.rf.1fb3ed606269eeb2695836a688f3293b.jpg","height":640,"width":640,"date_captured":"2023-05-24T18:02:02+00:00"},{"id":9,"license":1,"file_name":"22_Picnic_Picnic_22_51_jpg.rf.34dd54ac2259aac4df2c7e07d46691af.jpg","height":640,"width":640,"date_captured":"2023-05-24T18:02:02+00:00"},{"id":10,"license":1,"file_name":"28_Sports_Fan_Sports_Fan_28_147_jpg.rf.453d524007cc13e3b83046c664eb68b9.jpg","height":640,"width":640,"date_captured":"2023-05-24T18:02:02+00:00"},{"id":11,"license":1,"file_name":"11_Meeting_Meeting_11_Meeting_Meeting_11_417_jpg.rf.4468e40513060400e55df323b232d841.jpg","height":640,"width":640,"date_captured":"2023-05-24T18:02:02+00:00"},{"id":12,"license":1,"file_name":"11_Meeting_Meeting_11_Meeting_Meeting_11_48_jpg.rf.326b5e2237c57d9af050e12b790e14a7.jpg","height":640,"width":640,"date_captured":"2023-05-24T18:02:02+00:00"},{"id":13,"license":1,"file_name":"16_Award_Ceremony_Awards_Ceremony_16_312_jpg.rf.41ebb5e6effe129fe1366ff7a8c790f5.jpg","height":640,"width":640,"date_captured":"2023-05-24T18:02:02+00:00"},{"id":14,"license":1,"file_name":"28_Sports_Fan_Sports_Fan_28_412_jpg.rf.5f906a9ef944df013e4e70d67a4ff8c1.jpg","height":640,"width":640,"date_captured":"2023-05-24T18:02:02+00:00"},{"id":15,"license":1,"file_name":"16_Award_Ceremony_Awards_Ceremony_16_213_jpg.rf.589e49b399547571939772eb1861d6d0.jpg","height":640,"width":640,"date_captured":"2023-05-24T18:02:02+00:00"},{"id":16,"license":1,"file_name":"16_Award_Ceremony_Awards_Ceremony_16_279_jpg.rf.6d6f87fd3c629e77499bd5464cd77208.jpg","height":640,"width":640,"date_captured":"2023-05-24T18:02:02+00:00"},{"id":17,"license":1,"file_name":"11_Meeting_Meeting_11_Meeting_Meeting_11_44_jpg.rf.86e7ee781bfad5a431ecff799b7165c5.jpg","height":640,"width":640,"date_captured":"2023-05-24T18:02:02+00:00"},{"id":18,"license":1,"file_name":"22_Picnic_Picnic_22_601_jpg.rf.58efcc92e52707f5889aee6bbf629f1c.jpg","height":640,"width":640,"date_captured":"2023-05-24T18:02:02+00:00"},{"id":19,"license":1,"file_name":"28_Sports_Fan_Sports_Fan_28_106_jpg.rf.b5b7fd3d54a3591d6cda86eb6a0bec39.jpg","height":640,"width":640,"date_captured":"2023-05-24T18:02:02+00:00"},{"id":20,"license":1,"file_name":"18_Concerts_Concerts_18_700_jpg.rf.6a754d9ae77fc0743d70fdd2d6adb611.jpg","height":640,"width":640,"date_captured":"2023-05-24T18:02:02+00:00"},{"id":21,"license":1,"file_name":"11_Meeting_Meeting_11_Meeting_Meeting_11_70_jpg.rf.77a15c160fb29e288876469f29dbddc9.jpg","height":640,"width":640,"date_captured":"2023-05-24T18:02:02+00:00"},{"id":22,"license":1,"file_name":"13_Interview_Interview_On_Location_13_292_jpg.rf.734cff0f9aad12589ec63ad8a17e1330.jpg","height":640,"width":640,"date_captured":"2023-05-24T18:02:02+00:00"},{"id":23,"license":1,"file_name":"13_Interview_Interview_Sequences_13_962_jpg.rf.7129547e2476e878e88089ee170dfa16.jpg","height":640,"width":640,"date_captured":"2023-05-24T18:02:02+00:00"},{"id":24,"license":1,"file_name":"19_Couple_Couple_19_322_jpg.rf.7dc9532de482816c5eca2e1f2e740754.jpg","height":640,"width":640,"date_captured":"2023-05-24T18:02:02+00:00"},{"id":25,"license":1,"file_name":"16_Award_Ceremony_Awards_Ceremony_16_333_jpg.rf.9f61bb468e3fd61140d1577b52057afd.jpg","height":640,"width":640,"date_captured":"2023-05-24T18:02:02+00:00"},{"id":26,"license":1,"file_name":"11_Meeting_Meeting_11_Meeting_Meeting_11_200_jpg.rf.94693df46d6a73d14f23439077cedaab.jpg","height":640,"width":640,"date_captured":"2023-05-24T18:02:02+00:00"},{"id":27,"license":1,"file_name":"13_Interview_Interview_2_People_Visible_13_14_jpg.rf.8fc1426719e3168e0452d239f9fd5755.jpg","height":640,"width":640,"date_captured":"2023-05-24T18:02:02+00:00"},{"id":28,"license":1,"file_name":"13_Interview_Interview_On_Location_13_385_jpg.rf.d1205e7d31de662b3181c1e4a4aa70ca.jpg","height":640,"width":640,"date_captured":"2023-05-24T18:02:02+00:00"},{"id":29,"license":1,"file_name":"22_Picnic_Picnic_22_167_jpg.rf.72f23a48223bcdd077cc7c6d280b0259.jpg","height":640,"width":640,"date_captured":"2023-05-24T18:02:02+00:00"},{"id":30,"license":1,"file_name":"31_Waiter_Waitress_Waiter_Waitress_31_904_jpg.rf.cb47be980405177c5719b420e7bee1ab.jpg","height":640,"width":640,"date_captured":"2023-05-24T18:02:02+00:00"},{"id":31,"license":1,"file_name":"31_Waiter_Waitress_Waiter_Waitress_31_281_jpg.rf.a55e4dbcf5ef287936fcadceb8476684.jpg","height":640,"width":640,"date_captured":"2023-05-24T18:02:02+00:00"},{"id":32,"license":1,"file_name":"18_Concerts_Concerts_18_143_jpg.rf.d6acd5091daa2f8b42bb92c1570a5418.jpg","height":640,"width":640,"date_captured":"2023-05-24T18:02:02+00:00"},{"id":33,"license":1,"file_name":"22_Picnic_Picnic_22_944_jpg.rf.9d7291719db53046d4203f7d2c0ab091.jpg","height":640,"width":640,"date_captured":"2023-05-24T18:02:02+00:00"},{"id":34,"license":1,"file_name":"22_Picnic_Picnic_22_277_jpg.rf.d510376a442cb5c3aebe297fd2b871ce.jpg","height":640,"width":640,"date_captured":"2023-05-24T18:02:02+00:00"},{"id":35,"license":1,"file_name":"31_Waiter_Waitress_Waiter_Waitress_31_848_jpg.rf.9700e6ea05928150bc0ea388f19a03b7.jpg","height":640,"width":640,"date_captured":"2023-05-24T18:02:02+00:00"},{"id":36,"license":1,"file_name":"11_Meeting_Meeting_11_Meeting_Meeting_11_393_jpg.rf.cc611a74cc1303ec2f46eca1389ff306.jpg","height":640,"width":640,"date_captured":"2023-05-24T18:02:02+00:00"},{"id":37,"license":1,"file_name":"22_Picnic_Picnic_22_265_jpg.rf.d77e3b625bafe21a7639d87b3ed77675.jpg","height":640,"width":640,"date_captured":"2023-05-24T18:02:02+00:00"},{"id":38,"license":1,"file_name":"13_Interview_Interview_2_People_Visible_13_93_jpg.rf.e075dfe44fefd77c1cd5e81209c5125c.jpg","height":640,"width":640,"date_captured":"2023-05-24T18:02:02+00:00"},{"id":39,"license":1,"file_name":"28_Sports_Fan_Sports_Fan_28_134_jpg.rf.ee47512561d76d6235dd5d9ac1a01fa8.jpg","height":640,"width":640,"date_captured":"2023-05-24T18:02:02+00:00"},{"id":40,"license":1,"file_name":"31_Waiter_Waitress_Waiter_Waitress_31_478_jpg.rf.d3bb9012dd25e1c11d7882f03d724dfa.jpg","height":640,"width":640,"date_captured":"2023-05-24T18:02:02+00:00"},{"id":41,"license":1,"file_name":"19_Couple_Couple_19_70_jpg.rf.785a755106f0e6614c65b068e8be4ee1.jpg","height":640,"width":640,"date_captured":"2023-05-24T18:02:02+00:00"},{"id":42,"license":1,"file_name":"13_Interview_Interview_Sequences_13_1034_jpg.rf.f0c71eef510a43c2423c698076435654.jpg","height":640,"width":640,"date_captured":"2023-05-24T18:02:02+00:00"},{"id":43,"license":1,"file_name":"31_Waiter_Waitress_Waiter_Waitress_31_608_jpg.rf.a71c95d320481a57eb373ad087512f97.jpg","height":640,"width":640,"date_captured":"2023-05-24T18:02:02+00:00"},{"id":44,"license":1,"file_name":"11_Meeting_Meeting_11_Meeting_Meeting_11_863_jpg.rf.b6cc71b11c15b610e2d5932e683e4d1f.jpg","height":640,"width":640,"date_captured":"2023-05-24T18:02:02+00:00"},{"id":45,"license":1,"file_name":"31_Waiter_Waitress_Waiter_Waitress_31_923_jpg.rf.354fcb74a6dd56633d6c0889c532930f.jpg","height":640,"width":640,"date_captured":"2023-05-24T18:02:02+00:00"},{"id":46,"license":1,"file_name":"31_Waiter_Waitress_Waiter_Waitress_31_1_jpg.rf.f2020e9bc360cfaa25a1f18fbeeb3b4e.jpg","height":640,"width":640,"date_captured":"2023-05-24T18:02:02+00:00"},{"id":47,"license":1,"file_name":"19_Couple_Couple_19_1_jpg.rf.bd1d35abf3af26cf769c040e2a8603e1.jpg","height":640,"width":640,"date_captured":"2023-05-24T18:02:02+00:00"},{"id":48,"license":1,"file_name":"16_Award_Ceremony_Awards_Ceremony_16_164_jpg.rf.7129d7d58b91e3b7fd0909b69b6507be.jpg","height":640,"width":640,"date_captured":"2023-05-24T18:02:02+00:00"},{"id":49,"license":1,"file_name":"31_Waiter_Waitress_Waiter_Waitress_31_670_jpg.rf.aa16f3c119b6242e1f57abc153748a32.jpg","height":640,"width":640,"date_captured":"2023-05-24T18:02:02+00:00"}],"annotations":[{"id":0,"image_id":0,"category_id":1,"bbox":[75,240,321,278],"area":89238,"segmentation":[],"iscrowd":0},{"id":1,"image_id":1,"category_id":1,"bbox":[111,161,172.5,149.5],"area":25788.75,"segmentation":[],"iscrowd":0},{"id":2,"image_id":2,"category_id":1,"bbox":[206,156,96.5,152],"area":14668,"segmentation":[],"iscrowd":0},{"id":3,"image_id":2,"category_id":1,"bbox":[321,227,85.5,127],"area":10858.5,"segmentation":[],"iscrowd":0},{"id":4,"image_id":3,"category_id":1,"bbox":[249,122,205,149],"area":30545,"segmentation":[],"iscrowd":0},{"id":5,"image_id":4,"category_id":1,"bbox":[283,127,133,272],"area":36176,"segmentation":[],"iscrowd":0},{"id":6,"image_id":5,"category_id":1,"bbox":[205,182,72.5,116.5],"area":8446.25,"segmentation":[],"iscrowd":0},{"id":7,"image_id":5,"category_id":1,"bbox":[382,102,65,114.5],"area":7442.5,"segmentation":[],"iscrowd":0},{"id":8,"image_id":6,"category_id":1,"bbox":[210,63,54,154],"area":8316,"segmentation":[],"iscrowd":0},{"id":9,"image_id":6,"category_id":1,"bbox":[471,287,26.5,77.5],"area":2053.75,"segmentation":[],"iscrowd":0},{"id":10,"image_id":7,"category_id":1,"bbox":[127,163,57.5,122.5],"area":7043.75,"segmentation":[],"iscrowd":0},{"id":11,"image_id":7,"category_id":1,"bbox":[320,181,42.5,105.5],"area":4483.75,"segmentation":[],"iscrowd":0},{"id":12,"image_id":7,"category_id":1,"bbox":[446,157,58.5,115.5],"area":6756.75,"segmentation":[],"iscrowd":0},{"id":13,"image_id":8,"category_id":1,"bbox":[248,51,119,101.5],"area":12078.5,"segmentation":[],"iscrowd":0},{"id":14,"image_id":9,"category_id":1,"bbox":[204,177,33.5,42.5],"area":1423.75,"segmentation":[],"iscrowd":0},{"id":15,"image_id":9,"category_id":1,"bbox":[411,150,29,53],"area":1537,"segmentation":[],"iscrowd":0},{"id":16,"image_id":10,"category_id":1,"bbox":[284,47,95.5,65],"area":6207.5,"segmentation":[],"iscrowd":0},{"id":17,"image_id":11,"category_id":1,"bbox":[85,280,43,134.5],"area":5783.5,"segmentation":[],"iscrowd":0},{"id":18,"image_id":11,"category_id":1,"bbox":[166,193,41.5,82.5],"area":3423.75,"segmentation":[],"iscrowd":0},{"id":19,"image_id":11,"category_id":1,"bbox":[306,217,46,75],"area":3450,"segmentation":[],"iscrowd":0},{"id":20,"image_id":11,"category_id":1,"bbox":[422,89,47.5,80],"area":3800,"segmentation":[],"iscrowd":0},{"id":21,"image_id":11,"category_id":1,"bbox":[545,235,45.5,113.5],"area":5164.25,"segmentation":[],"iscrowd":0},{"id":22,"image_id":12,"category_id":1,"bbox":[55,263,22.5,63],"area":1417.5,"segmentation":[],"iscrowd":0},{"id":23,"image_id":12,"category_id":1,"bbox":[139,260,25,66.5],"area":1662.5,"segmentation":[],"iscrowd":0},{"id":24,"image_id":12,"category_id":1,"bbox":[201,289,24.5,52],"area":1274,"segmentation":[],"iscrowd":0},{"id":25,"image_id":12,"category_id":1,"bbox":[469,295,18,53],"area":954,"segmentation":[],"iscrowd":0},{"id":26,"image_id":12,"category_id":1,"bbox":[530,265,30,76],"area":2280,"segmentation":[],"iscrowd":0},{"id":27,"image_id":12,"category_id":1,"bbox":[494,232,15,30.5],"area":457.5,"segmentation":[],"iscrowd":0},{"id":28,"image_id":12,"category_id":1,"bbox":[275,189,6,15.5],"area":93,"segmentation":[],"iscrowd":0},{"id":29,"image_id":12,"category_id":1,"bbox":[289,195,5.5,14],"area":77,"segmentation":[],"iscrowd":0},{"id":30,"image_id":12,"category_id":1,"bbox":[299,195,5,12.5],"area":62.5,"segmentation":[],"iscrowd":0},{"id":31,"image_id":12,"category_id":1,"bbox":[312,197,5.5,13],"area":71.5,"segmentation":[],"iscrowd":0},{"id":32,"image_id":12,"category_id":1,"bbox":[326,197,7,12],"area":84,"segmentation":[],"iscrowd":0},{"id":33,"image_id":12,"category_id":1,"bbox":[338,198,6,12],"area":72,"segmentation":[],"iscrowd":0},{"id":34,"image_id":12,"category_id":1,"bbox":[345,192,5.5,13.5],"area":74.25,"segmentation":[],"iscrowd":0},{"id":35,"image_id":13,"category_id":1,"bbox":[256,123,137.5,113.5],"area":15606.25,"segmentation":[],"iscrowd":0},{"id":36,"image_id":14,"category_id":1,"bbox":[230,4,166,137.5],"area":22825,"segmentation":[],"iscrowd":0},{"id":37,"image_id":15,"category_id":1,"bbox":[280,108,85,75.5],"area":6417.5,"segmentation":[],"iscrowd":0},{"id":38,"image_id":16,"category_id":1,"bbox":[266,158,162.5,209.5],"area":34043.75,"segmentation":[],"iscrowd":0},{"id":39,"image_id":17,"category_id":1,"bbox":[33,175,62.5,116.5],"area":7281.25,"segmentation":[],"iscrowd":0},{"id":40,"image_id":17,"category_id":1,"bbox":[146,110,38.5,125],"area":4812.5,"segmentation":[],"iscrowd":0},{"id":41,"image_id":17,"category_id":1,"bbox":[247,97,50.5,99.5],"area":5024.75,"segmentation":[],"iscrowd":0},{"id":42,"image_id":17,"category_id":1,"bbox":[414,122,48.5,95.5],"area":4631.75,"segmentation":[],"iscrowd":0},{"id":43,"image_id":17,"category_id":1,"bbox":[554,147,30.5,105],"area":3202.5,"segmentation":[],"iscrowd":0},{"id":44,"image_id":17,"category_id":1,"bbox":[582,149,28.5,117.5],"area":3348.75,"segmentation":[],"iscrowd":0},{"id":45,"image_id":18,"category_id":1,"bbox":[134,380,19,28.5],"area":541.5,"segmentation":[],"iscrowd":0},{"id":46,"image_id":18,"category_id":1,"bbox":[91,260,19,35],"area":665,"segmentation":[],"iscrowd":0},{"id":47,"image_id":18,"category_id":1,"bbox":[227,174,22,41.5],"area":913,"segmentation":[],"iscrowd":0},{"id":48,"image_id":18,"category_id":1,"bbox":[270,155,22.5,46.5],"area":1046.25,"segmentation":[],"iscrowd":0},{"id":49,"image_id":19,"category_id":1,"bbox":[265,145,157,332.5],"area":52202.5,"segmentation":[],"iscrowd":0},{"id":50,"image_id":20,"category_id":1,"bbox":[182,189,112,187.5],"area":21000,"segmentation":[],"iscrowd":0},{"id":51,"image_id":21,"category_id":1,"bbox":[31,307,44,84.5],"area":3718,"segmentation":[],"iscrowd":0},{"id":52,"image_id":21,"category_id":1,"bbox":[62,260,37.5,57.5],"area":2156.25,"segmentation":[],"iscrowd":0},{"id":53,"image_id":21,"category_id":1,"bbox":[133,260,19.5,29.5],"area":575.25,"segmentation":[],"iscrowd":0},{"id":54,"image_id":21,"category_id":1,"bbox":[166,224,22,29.5],"area":649,"segmentation":[],"iscrowd":0},{"id":55,"image_id":21,"category_id":1,"bbox":[197,228,15.5,29.5],"area":457.25,"segmentation":[],"iscrowd":0},{"id":56,"image_id":21,"category_id":1,"bbox":[218,227,13,25],"area":325,"segmentation":[],"iscrowd":0},{"id":57,"image_id":21,"category_id":1,"bbox":[385,236,19.5,30.5],"area":594.75,"segmentation":[],"iscrowd":0},{"id":58,"image_id":21,"category_id":1,"bbox":[433,242,19,39],"area":741,"segmentation":[],"iscrowd":0},{"id":59,"image_id":21,"category_id":1,"bbox":[462,279,13,33.5],"area":435.5,"segmentation":[],"iscrowd":0},{"id":60,"image_id":21,"category_id":1,"bbox":[490,309,35.5,43.5],"area":1544.25,"segmentation":[],"iscrowd":0},{"id":61,"image_id":21,"category_id":1,"bbox":[587,295,53,74],"area":3922,"segmentation":[],"iscrowd":0},{"id":62,"image_id":22,"category_id":1,"bbox":[279,257,44,89],"area":3916,"segmentation":[],"iscrowd":0},{"id":63,"image_id":22,"category_id":1,"bbox":[393,287,44,74],"area":3256,"segmentation":[],"iscrowd":0},{"id":64,"image_id":23,"category_id":1,"bbox":[470,142,65,279.5],"area":18167.5,"segmentation":[],"iscrowd":0},{"id":65,"image_id":23,"category_id":1,"bbox":[281,190,69.5,278],"area":19321,"segmentation":[],"iscrowd":0},{"id":66,"image_id":23,"category_id":1,"bbox":[223,115,33.5,288],"area":9648,"segmentation":[],"iscrowd":0},{"id":67,"image_id":24,"category_id":1,"bbox":[226,121,34.5,34.5],"area":1190.25,"segmentation":[],"iscrowd":0},{"id":68,"image_id":24,"category_id":1,"bbox":[321,116,42,43],"area":1806,"segmentation":[],"iscrowd":0},{"id":69,"image_id":25,"category_id":1,"bbox":[215,88,205,193],"area":39565,"segmentation":[],"iscrowd":0},{"id":70,"image_id":26,"category_id":1,"bbox":[17,194,30,83.5],"area":2505,"segmentation":[],"iscrowd":0},{"id":71,"image_id":26,"category_id":1,"bbox":[73,210,36,70.5],"area":2538,"segmentation":[],"iscrowd":0},{"id":72,"image_id":26,"category_id":1,"bbox":[160,211,29,59],"area":1711,"segmentation":[],"iscrowd":0},{"id":73,"image_id":26,"category_id":1,"bbox":[289,193,31,52],"area":1612,"segmentation":[],"iscrowd":0},{"id":74,"image_id":26,"category_id":1,"bbox":[516,212,33,55.5],"area":1831.5,"segmentation":[],"iscrowd":0},{"id":75,"image_id":27,"category_id":1,"bbox":[242,175,265.5,243.5],"area":64649.25,"segmentation":[],"iscrowd":0},{"id":76,"image_id":28,"category_id":1,"bbox":[126,53,32,71],"area":2272,"segmentation":[],"iscrowd":0},{"id":77,"image_id":28,"category_id":1,"bbox":[306,80,37,73.5],"area":2719.5,"segmentation":[],"iscrowd":0},{"id":78,"image_id":28,"category_id":1,"bbox":[505,59,32,77.5],"area":2480,"segmentation":[],"iscrowd":0},{"id":79,"image_id":29,"category_id":1,"bbox":[167,88,52,87],"area":4524,"segmentation":[],"iscrowd":0},{"id":80,"image_id":29,"category_id":1,"bbox":[476,52,50,108.5],"area":5425,"segmentation":[],"iscrowd":0},{"id":81,"image_id":30,"category_id":1,"bbox":[150,155,109.5,145],"area":15877.5,"segmentation":[],"iscrowd":0},{"id":82,"image_id":30,"category_id":1,"bbox":[381,83,103,153],"area":15759,"segmentation":[],"iscrowd":0},{"id":83,"image_id":31,"category_id":1,"bbox":[131,67,75,91],"area":6825,"segmentation":[],"iscrowd":0},{"id":84,"image_id":31,"category_id":1,"bbox":[437,90,65,72.5],"area":4712.5,"segmentation":[],"iscrowd":0},{"id":85,"image_id":32,"category_id":1,"bbox":[130,111,24,37],"area":888,"segmentation":[],"iscrowd":0},{"id":86,"image_id":32,"category_id":1,"bbox":[213,114,21.5,33],"area":709.5,"segmentation":[],"iscrowd":0},{"id":87,"image_id":32,"category_id":1,"bbox":[342,104,22,27],"area":594,"segmentation":[],"iscrowd":0},{"id":88,"image_id":32,"category_id":1,"bbox":[512,134,23,29.5],"area":678.5,"segmentation":[],"iscrowd":0},{"id":89,"image_id":32,"category_id":1,"bbox":[442,130,23.5,26],"area":611,"segmentation":[],"iscrowd":0},{"id":90,"image_id":33,"category_id":1,"bbox":[214,164,214,207],"area":44298,"segmentation":[],"iscrowd":0},{"id":91,"image_id":34,"category_id":1,"bbox":[120,264,46,65],"area":2990,"segmentation":[],"iscrowd":0},{"id":92,"image_id":34,"category_id":1,"bbox":[224,264,29.5,43.5],"area":1283.25,"segmentation":[],"iscrowd":0},{"id":93,"image_id":34,"category_id":1,"bbox":[396,140,29.5,53],"area":1563.5,"segmentation":[],"iscrowd":0},{"id":94,"image_id":35,"category_id":1,"bbox":[308,66,92.5,94.5],"area":8741.25,"segmentation":[],"iscrowd":0},{"id":95,"image_id":36,"category_id":1,"bbox":[222,127,211.5,310],"area":65565,"segmentation":[],"iscrowd":0},{"id":96,"image_id":37,"category_id":1,"bbox":[135,184,69,69.5],"area":4795.5,"segmentation":[],"iscrowd":0},{"id":97,"image_id":37,"category_id":1,"bbox":[329,142,53,78],"area":4134,"segmentation":[],"iscrowd":0},{"id":98,"image_id":38,"category_id":1,"bbox":[149,170,30,77.5],"area":2325,"segmentation":[],"iscrowd":0},{"id":99,"image_id":38,"category_id":1,"bbox":[379,178,36,56.5],"area":2034,"segmentation":[],"iscrowd":0},{"id":100,"image_id":39,"category_id":1,"bbox":[219,170,110.5,137],"area":15138.5,"segmentation":[],"iscrowd":0},{"id":101,"image_id":40,"category_id":1,"bbox":[204,64,88.5,89.5],"area":7920.75,"segmentation":[],"iscrowd":0},{"id":102,"image_id":40,"category_id":1,"bbox":[377,73,80,81.5],"area":6520,"segmentation":[],"iscrowd":0},{"id":103,"image_id":41,"category_id":1,"bbox":[213,78,92.5,81.5],"area":7538.75,"segmentation":[],"iscrowd":0},{"id":104,"image_id":41,"category_id":1,"bbox":[381,126,84,63],"area":5292,"segmentation":[],"iscrowd":0},{"id":105,"image_id":42,"category_id":1,"bbox":[105,118,134.5,290.5],"area":39072.25,"segmentation":[],"iscrowd":0},{"id":106,"image_id":42,"category_id":1,"bbox":[396,190,124.5,272.5],"area":33926.25,"segmentation":[],"iscrowd":0},{"id":107,"image_id":43,"category_id":1,"bbox":[319,106,175,152],"area":26600,"segmentation":[],"iscrowd":0},{"id":108,"image_id":44,"category_id":1,"bbox":[162,87,146.5,185.5],"area":27175.75,"segmentation":[],"iscrowd":0},{"id":109,"image_id":44,"category_id":1,"bbox":[422,194,77,128],"area":9856,"segmentation":[],"iscrowd":0},{"id":110,"image_id":45,"category_id":1,"bbox":[321,54,96,240],"area":23040,"segmentation":[],"iscrowd":0},{"id":111,"image_id":46,"category_id":1,"bbox":[226,134,103,180.5],"area":18591.5,"segmentation":[],"iscrowd":0},{"id":112,"image_id":47,"category_id":1,"bbox":[290,165,110,241.5],"area":26565,"segmentation":[],"iscrowd":0},{"id":113,"image_id":47,"category_id":1,"bbox":[125,214,152.5,272],"area":41480,"segmentation":[],"iscrowd":0},{"id":114,"image_id":48,"category_id":1,"bbox":[352,97,66.5,115],"area":7647.5,"segmentation":[],"iscrowd":0},{"id":115,"image_id":49,"category_id":1,"bbox":[405,110,117,130],"area":15210,"segmentation":[],"iscrowd":0}]}